{
	"credit": "Made with Blockbench",
	"parent": "block/block",
	"ambientocclusion": false,
	"textures": {
		"particle": "custom:item/end_rod"
	},
	"elements": [
		{
			"from": [6, 0, 6],
			"to": [10, 2, 10],
			"faces": {
				"north": {"uv": [2, 6, 6, 7], "texture": "#particle"},
				"east": {"uv": [2, 6, 6, 7], "texture": "#particle"},
				"south": {"uv": [2, 6, 6, 7], "texture": "#particle"},
				"west": {"uv": [2, 6, 6, 7], "texture": "#particle"},
				"up": {"uv": [2, 2, 6, 6], "texture": "#particle"},
				"down": {"uv": [6, 6, 2, 2], "texture": "#particle", "cullface": "down"}
			}
		},
		{
			"from": [7, 2, 7],
			"to": [9, 17, 9],
			"faces": {
				"north": {"uv": [0, 0, 2, 15], "texture": "#particle"},
				"east": {"uv": [0, 0, 2, 15], "texture": "#particle"},
				"south": {"uv": [0, 0, 2, 15], "texture": "#particle"},
				"west": {"uv": [0, 0, 2, 15], "texture": "#particle"},
				"up": {"uv": [2, 0, 4, 2], "texture": "#particle", "cullface": "up"},
				"down": {"uv": [0, 0, 0, 0], "texture": "#particle"}
			}
		}
	],
	"display": {
		"thirdperson_righthand": {
			"scale": [0.375, 0.375, 0.375]
		},
		"thirdperson_lefthand": {
			"scale": [0.375, 0.375, 0.375]
		},
		"ground": {
			"scale": [0.375, 0.375, 0.375]
		},
		"gui": {
			"translation": [-4.25, 0, 0],
			"scale": [0.375, 0.375, 0.375]
		},
		"head": {
			"rotation": [-60, 0, 0],
			"translation": [0, 5, -9]
		},
		"fixed": {
			"rotation": [-90, 0, 0],
			"translation": [0, 0, -18],
			"scale": [2.2, 2.2, 2.2]
		}
	}
}