{
	"credit": "Made with Blockbench",
	"texture_size": [64, 64],
	"textures": {
		"0": "item/texture",
		"particle": "item/texture"
	},
	"elements": [
		{
			"name": "shield",
			"from": [-1, 8, -2],
			"to": [1, 14, 4],
			"faces": {
				"north": {"uv": [13.5, 11.75, 14, 13.25], "texture": "#0"},
				"east": {"uv": [12, 11.75, 13.5, 13.25], "texture": "#0"},
				"south": {"uv": [15.5, 11.75, 16, 13.25], "texture": "#0"},
				"west": {"uv": [14, 11.75, 15.5, 13.25], "texture": "#0"},
				"up": {"uv": [14, 11.75, 13.5, 10.25], "texture": "#0"},
				"down": {"uv": [14.5, 10.25, 14, 11.75], "texture": "#0"}
			}
		},
		{
			"name": "shield",
			"from": [-6, 5, -3],
			"to": [6, 17, -2],
			"faces": {
				"north": {"uv": [5.25, 13, 8.25, 16], "texture": "#0"},
				"east": {"uv": [5, 13, 5.25, 16], "texture": "#0"},
				"south": {"uv": [8.5, 13, 11.5, 16], "texture": "#0"},
				"west": {"uv": [8.25, 13, 8.5, 16], "texture": "#0"},
				"up": {"uv": [8.25, 13, 5.25, 12.75], "texture": "#0"},
				"down": {"uv": [11.25, 12.75, 8.25, 13], "texture": "#0"}
			}
		},
		{
			"name": "shield",
			"from": [2, 17, -3],
			"to": [6, 19, -2],
			"faces": {
				"north": {"uv": [5.75, 10.5, 6.75, 11], "texture": "#0"},
				"east": {"uv": [5.5, 10.5, 5.75, 11], "texture": "#0"},
				"south": {"uv": [7, 10.5, 8, 11], "texture": "#0"},
				"west": {"uv": [6.75, 10.5, 7, 11], "texture": "#0"},
				"up": {"uv": [6.75, 10.5, 5.75, 10.25], "texture": "#0"},
				"down": {"uv": [7.75, 10.25, 6.75, 10.5], "texture": "#0"}
			}
		},
		{
			"name": "shield",
			"from": [-6, 17, -3],
			"to": [-2, 19, -2],
			"faces": {
				"north": {"uv": [5.75, 10.5, 6.75, 11], "texture": "#0"},
				"east": {"uv": [5.5, 10.5, 5.75, 11], "texture": "#0"},
				"south": {"uv": [7, 10.5, 8, 11], "texture": "#0"},
				"west": {"uv": [6.75, 10.5, 7, 11], "texture": "#0"},
				"up": {"uv": [6.75, 10.5, 5.75, 10.25], "texture": "#0"},
				"down": {"uv": [7.75, 10.25, 6.75, 10.5], "texture": "#0"}
			}
		}
	],
	"display": {
		"thirdperson_righthand": {
			"rotation": [90, 0, 0],
			"translation": [8, -9, -0.75]
		},
		"thirdperson_lefthand": {
			"rotation": [90, 0, 0],
			"translation": [-8, -9, -0.75]
		},
		"firstperson_righthand": {
			"translation": [12, 1.25, 8.25]
		},
		"firstperson_lefthand": {
			"translation": [-5.5, 1.25, 8.25]
		},
		"ground": {
			"translation": [2.75, 3, 2.75],
			"scale": [0.25, 0.25, 0.25]
		},
		"gui": {
			"rotation": [30, 225, 0],
			"translation": [-12.5, -2.5, 0]
		},
		"head": {
			"translation": [8.75, -3, 4],
			"scale": [1.09, 1.14, 1]
		},
		"fixed": {
			"translation": [0, 0, 4.75],
			"scale": [0.5, 0.5, 0.5]
		}
	},
	"groups": [
		{
			"name": "shield",
			"origin": [0, 11, 1],
			"color": 0,
			"nbt": "{}",
			"children": [0, 1, 2, 3]
		}
	]
}