{
	"credit": "Made with Blockbench",
	"parent": "block/block",
	"textures": {
		"particle": "custom:item/gl",
		"lantern": "custom:item/gl"
	},
	"elements": [
		{
			"from": [5, 0, 4],
			"to": [11, 7, 10],
			"rotation": {"angle": 0, "axis": "y", "origin": [0, 0, -1]},
			"faces": {
				"north": {"uv": [0, 2, 6, 9], "texture": "#lantern"},
				"east": {"uv": [0, 2, 6, 9], "texture": "#lantern"},
				"south": {"uv": [0, 2, 6, 9], "texture": "#lantern"},
				"west": {"uv": [0, 2, 6, 9], "texture": "#lantern"},
				"up": {"uv": [0, 9, 6, 15], "texture": "#lantern"},
				"down": {"uv": [0, 9, 6, 15], "texture": "#lantern", "cullface": "down"}
			}
		},
		{
			"from": [6, 7, 5],
			"to": [10, 9, 9],
			"rotation": {"angle": 0, "axis": "y", "origin": [0, 0, -1]},
			"faces": {
				"north": {"uv": [1, 0, 5, 2], "texture": "#lantern"},
				"east": {"uv": [1, 0, 5, 2], "texture": "#lantern"},
				"south": {"uv": [1, 0, 5, 2], "texture": "#lantern"},
				"west": {"uv": [1, 0, 5, 2], "texture": "#lantern"},
				"up": {"uv": [1, 10, 5, 14], "texture": "#lantern"}
			}
		},
		{
			"from": [6.5, 9, 7],
			"to": [9.5, 11, 7],
			"shade": false,
			"rotation": {"angle": 45, "axis": "y", "origin": [8, 8, 7]},
			"faces": {
				"north": {"uv": [14, 1, 11, 3], "texture": "#lantern"},
				"south": {"uv": [11, 1, 14, 3], "texture": "#lantern"}
			}
		},
		{
			"from": [8, 9, 5.5],
			"to": [8, 11, 8.5],
			"shade": false,
			"rotation": {"angle": 45, "axis": "y", "origin": [8, 8, 7]},
			"faces": {
				"east": {"uv": [11, 10, 14, 12], "texture": "#lantern"},
				"west": {"uv": [14, 10, 11, 12], "texture": "#lantern"}
			}
		},
		{
			"from": [7, 11, -1],
			"to": [9, 12, 11],
			"faces": {
				"north": {"uv": [2, 11, 4, 12], "texture": "#lantern"},
				"east": {"uv": [2, 11, 4, 12], "texture": "#lantern"},
				"south": {"uv": [2, 11, 4, 12], "texture": "#lantern"},
				"west": {"uv": [2, 11, 4, 12], "texture": "#lantern"},
				"up": {"uv": [2, 11, 4, 12], "texture": "#lantern"},
				"down": {"uv": [2, 11, 4, 12], "texture": "#lantern"}
			}
		}
	],
	"display": {
		"thirdperson_righthand": {
			"translation": [0, 3, 1],
			"scale": [0.55, 0.55, 0.55]
		},
		"thirdperson_lefthand": {
			"translation": [0, 3, 1],
			"scale": [0.55, 0.55, 0.55]
		},
		"ground": {
			"translation": [0, 2, 0],
			"scale": [0.5, 0.5, 0.5]
		},
		"gui": {
			"rotation": [30, 225, 0],
			"translation": [0, 2.5, 0]
		},
		"head": {
			"translation": [0, 9.5, 0],
			"scale": [2.22, 2, 2.22]
		},
		"fixed": {
			"rotation": [0, 180, 0],
			"translation": [0, 0.5, -17.95],
			"scale": [2.3, 2.3, 2.3]
		}
	}
}