{
	"credit": "Made by CiscuLog with Blockbench",
	"textures": {
		"spyglass": "siscu_se:item/astrolabe_in_hand"
	},
	"elements": [
		{
			"from": [8, 8.5, 7],
			"to": [10, 13.5, 9],
			"faces": {
				"north": {"uv": [0, 2, 2, 7], "texture": "#spyglass"},
				"east": {"uv": [0, 2, 2, 7], "texture": "#spyglass"},
				"south": {"uv": [0, 2, 2, 7], "texture": "#spyglass"},
				"west": {"uv": [0, 2, 2, 7], "texture": "#spyglass"},
				"up": {"uv": [0, 0, 2, 2], "texture": "#spyglass"}
			}
		},
		{
			"from": [7.9, 2.4, 6.9],
			"to": [10.1, 8.6, 9.1],
			"faces": {
				"north": {"uv": [0, 7, 2, 13], "texture": "#spyglass"},
				"east": {"uv": [0, 7, 2, 13], "texture": "#spyglass"},
				"south": {"uv": [0, 7, 2, 13], "texture": "#spyglass"},
				"west": {"uv": [0, 7, 2, 13], "texture": "#spyglass"},
				"up": {"uv": [0, 5, 2, 7], "texture": "#spyglass"},
				"down": {"uv": [0, 13, 2, 15], "texture": "#spyglass"}
			}
		},
		{
			"from": [7.75, 3.5, 4],
			"to": [7.75, 11.5, 12],
			"faces": {
				"north": {"uv": [8, 5, 9, 6], "texture": "#spyglass"},
				"east": {"uv": [5, 4, 13, 12], "rotation": 90, "texture": "#spyglass"},
				"south": {"uv": [0, 0, 1, 1], "texture": "#spyglass"},
				"west": {"uv": [5, 4, 13, 12], "rotation": 270, "texture": "#spyglass"},
				"up": {"uv": [0, 0, 1, 1], "rotation": 270, "texture": "#spyglass"},
				"down": {"uv": [0, 0, 1, 1], "rotation": 90, "texture": "#spyglass"}
			}
		}
	],
	"gui_light": "front",
	"display": {
		"thirdperson_righthand": {
			"translation": [-1, -2, 0]
		},
		"ground": {
			"rotation": [90, 0, 0]
		},
		"gui": {
			"rotation": [-67.5, 0, 45],
			"scale": [1.5, 1.5, 1.5]
		},
		"head": {
			"rotation": [90, 0, 0],
			"translation": [0, 0, -16],
			"scale": [1.6, 1.6, 1.6]
		},
		"fixed": {
			"translation": [0, 0, -1.5],
			"scale": [1.5, 1.5, 1.5]
		}
	}
}