{
  "parent": "minecraft:item/generated",
  "textures": {
    "layer0": "minecraft:item/iron_nugget"
  },
  "overrides": [
	{
		
		"predicate": {
			"custom_model_data": 1
		},
		"model": "custom:item/level_wood"
	},
  {
		
		"predicate": {
			"custom_model_data": 34870460
		},
		"model": "custom:item/end_rod2"
	},
	{
		
		"predicate": {
			"custom_model_data": 34870470
		},
		"model": "custom:item/gl"
	},
	{
		
		"predicate": {
			"custom_model_data": 34870480
		},
		"model": "custom:item/vwekjbfv"
	},
	{
		
		"predicate": {
			"custom_model_data": 34870490
		},
		"model": "custom:item/hgiycity"
	},
	{
		
		"predicate": {
			"custom_model_data": 34870500
		},
		"model": "custom:item/template_campfire"
	},
	{
		
		"predicate": {
			"custom_model_data": 34870510
		},
		"model": "custom:item/campfire_off"
	}
  ]
}