{
  "parent":"item/template_spawn_egg",
  "display": {
    "thirdperson_righthand": {
      "rotation": [ 0, 0, 0 ],
      "translation": [ 0, 3, 1 ],
      "scale": [ 0.55, 0.55, 0.55 ]
    },
    "thirdperson_lefthand": {
      "rotation": [ 0, 0, 0 ],
      "translation": [ 0, 3, 1 ],
      "scale": [ 0.55, 0.55, 0.55 ]
    },
    "firstperson_righthand": {
      "rotation": [ 0, 90, 0 ],
      "translation": [ 0, 4, 2 ],
      "scale": [ 0.55, 0.55, 0.55 ]
    },
    "firstperson_lefthand": {
      "rotation": [ 0, -90, 0 ],
      "translation": [ 0, 4, 2 ],
      "scale": [ 0.55, 0.55, 0.55 ]
    }
  },
  "overrides":[
    {
      "predicate":{
        "custom_model_data":1000000
      },
        "model":"block/prismarine_bricks/purpur"
    },
    {
      "predicate":{
        "custom_model_data":1000001
      },
        "model":"block/prismarine_bricks/dark"
    },
    {
      "predicate":{
        "custom_model_data":1000002
      },
        "model":"block/prismarine_bricks/deepslate"
    },
    {
      "predicate":{
        "custom_model_data":1000003
      },
        "model":"block/prismarine_bricks/sandstone"
    },
    {
      "predicate":{
        "custom_model_data":1000004
      },
        "model":"block/prismarine_bricks/red_sandstone"
    },
    {
      "predicate":{
        "custom_model_data":1000005
      },
        "model":"block/prismarine_bricks/stone"
    },
    {
      "predicate":{
        "custom_model_data":1000007
      },
        "model":"block/prismarine_bricks/quartz"
    },
    {
      "predicate":{
        "custom_model_data":1000008
      },
        "model":"block/prismarine_bricks/nether"
    },
    {
      "predicate":{
        "custom_model_data":1000009
      },
        "model":"block/prismarine_bricks/red_nether"
    },
    {
      "predicate":{
        "custom_model_data":1000010
      },
        "model":"block/prismarine_bricks/end"
    },
    {
      "predicate":{
        "custom_model_data":1000011
      },
        "model":"block/prismarine_bricks/mud"
    },
    {
      "predicate":{
        "custom_model_data":1000012
      },
        "model":"block/prismarine_bricks/diorite"
    },
    {
      "predicate":{
        "custom_model_data":1000013
      },
        "model":"block/prismarine_bricks/granite"
    },
    {
      "predicate":{
        "custom_model_data":1000014
      },
        "model":"block/prismarine_bricks/andesite"
    },
    {
      "predicate":{
        "custom_model_data":1001000
      },
        "model":"block/stone_bricks/purpur"
    },
    {
      "predicate":{
        "custom_model_data":1001001
      },
        "model":"block/stone_bricks/dark"
    },
    {
      "predicate":{
        "custom_model_data":1001002
      },
        "model":"block/stone_bricks/deepslate"
    },
    {
      "predicate":{
        "custom_model_data":1001003
      },
        "model":"block/stone_bricks/sandstone"
    },
    {
      "predicate":{
        "custom_model_data":1001004
      },
        "model":"block/stone_bricks/red_sandstone"
    },
    {
      "predicate":{
        "custom_model_data":1001006
      },
        "model":"block/stone_bricks/prismarine"
    },
    {
      "predicate":{
        "custom_model_data":1001007
      },
        "model":"block/stone_bricks/quartz"
    },
    {
      "predicate":{
        "custom_model_data":1001008
      },
        "model":"block/stone_bricks/nether"
    },
    {
      "predicate":{
        "custom_model_data":1001009
      },
        "model":"block/stone_bricks/red_nether"
    },
    {
      "predicate":{
        "custom_model_data":1001010
      },
        "model":"block/stone_bricks/end"
    },
    {
      "predicate":{
        "custom_model_data":1001011
      },
        "model":"block/stone_bricks/mud"
    },
    {
      "predicate":{
        "custom_model_data":1001012
      },
        "model":"block/stone_bricks/diorite"
    },
    {
      "predicate":{
        "custom_model_data":1001013
      },
        "model":"block/stone_bricks/granite"
    },
    {
      "predicate":{
        "custom_model_data":1001014
      },
        "model":"block/stone_bricks/andesite"
    },
    {
      "predicate":{
        "custom_model_data":1002001
      },
        "model":"block/purpur_block/dark"
    },
    {
      "predicate":{
        "custom_model_data":1002002
      },
        "model":"block/purpur_block/deepslate"
    },
    {
      "predicate":{
        "custom_model_data":1002003
      },
        "model":"block/purpur_block/sandstone"
    },
    {
      "predicate":{
        "custom_model_data":1002004
      },
        "model":"block/purpur_block/red_sandstone"
    },
    {
      "predicate":{
        "custom_model_data":1002005
      },
        "model":"block/purpur_block/stone"
    },
    {
      "predicate":{
        "custom_model_data":1002006
      },
        "model":"block/purpur_block/prismarine"
    },
    {
      "predicate":{
        "custom_model_data":1002007
      },
        "model":"block/purpur_block/quartz"
    },
    {
      "predicate":{
        "custom_model_data":1002008
      },
        "model":"block/purpur_block/nether"
    },
    {
      "predicate":{
        "custom_model_data":1002009
      },
        "model":"block/purpur_block/red_nether"
    },
    {
      "predicate":{
        "custom_model_data":1002010
      },
        "model":"block/purpur_block/end"
    },
    {
      "predicate":{
        "custom_model_data":1002011
      },
        "model":"block/purpur_block/mud"
    },
    {
      "predicate":{
        "custom_model_data":1002012
      },
        "model":"block/purpur_block/diorite"
    },
    {
      "predicate":{
        "custom_model_data":1002013
      },
        "model":"block/purpur_block/granite"
    },
    {
      "predicate":{
        "custom_model_data":1002014
      },
        "model":"block/purpur_block/andesite"
    },
    {
      "predicate":{
        "custom_model_data":1003001
      },
        "model":"block/purpur_pillar/dark"
    },
    {
      "predicate":{
        "custom_model_data":1003002
      },
        "model":"block/purpur_pillar/deepslate"
    },
    {
      "predicate":{
        "custom_model_data":1003003
      },
        "model":"block/purpur_pillar/sandstone"
    },
    {
      "predicate":{
        "custom_model_data":1003004
      },
        "model":"block/purpur_pillar/red_sandstone"
    },
    {
      "predicate":{
        "custom_model_data":1003005
      },
        "model":"block/purpur_pillar/stone"
    },
    {
      "predicate":{
        "custom_model_data":1003006
      },
        "model":"block/purpur_pillar/prismarine"
    },
    {
      "predicate":{
        "custom_model_data":1003007
      },
        "model":"block/purpur_pillar/quartz"
    },
    {
      "predicate":{
        "custom_model_data":1003008
      },
        "model":"block/purpur_pillar/nether"
    },
    {
      "predicate":{
        "custom_model_data":1003009
      },
        "model":"block/purpur_pillar/red_nether"
    },
    {
      "predicate":{
        "custom_model_data":1003010
      },
        "model":"block/purpur_pillar/end"
    },
    {
      "predicate":{
        "custom_model_data":1003011
      },
        "model":"block/purpur_pillar/mud"
    },
    {
      "predicate":{
        "custom_model_data":1003012
      },
        "model":"block/purpur_pillar/diorite"
    },
    {
      "predicate":{
        "custom_model_data":1003013
      },
        "model":"block/purpur_pillar/granite"
    },
    {
      "predicate":{
        "custom_model_data":1003014
      },
        "model":"block/purpur_pillar/andesite"
    },
    {
      "predicate":{
        "custom_model_data":1004000
      },
        "model":"block/dark_prismarine/purpur"
    },
    {
      "predicate":{
        "custom_model_data":1004002
      },
        "model":"block/dark_prismarine/deepslate"
    },
    {
      "predicate":{
        "custom_model_data":1004003
      },
        "model":"block/dark_prismarine/sandstone"
    },
    {
      "predicate":{
        "custom_model_data":1004004
      },
        "model":"block/dark_prismarine/red_sandstone"
    },
    {
      "predicate":{
        "custom_model_data":1004005
      },
        "model":"block/dark_prismarine/stone"
    },
    {
      "predicate":{
        "custom_model_data":1004006
      },
        "model":"block/dark_prismarine/prismarine"
    },
    {
      "predicate":{
        "custom_model_data":1004007
      },
        "model":"block/dark_prismarine/quartz"
    },
    {
      "predicate":{
        "custom_model_data":1004008
      },
        "model":"block/dark_prismarine/nether"
    },
    {
      "predicate":{
        "custom_model_data":1004009
      },
        "model":"block/dark_prismarine/red_nether"
    },
    {
      "predicate":{
        "custom_model_data":1004010
      },
        "model":"block/dark_prismarine/end"
    },
    {
      "predicate":{
        "custom_model_data":1004011
      },
        "model":"block/dark_prismarine/mud"
    },
    {
      "predicate":{
        "custom_model_data":1004012
      },
        "model":"block/dark_prismarine/diorite"
    },
    {
      "predicate":{
        "custom_model_data":1004013
      },
        "model":"block/dark_prismarine/granite"
    },
    {
      "predicate":{
        "custom_model_data":1004014
      },
        "model":"block/dark_prismarine/andesite"
    },
    {
      "predicate":{
        "custom_model_data":1005000
      },
        "model":"block/chiseled_stone_bricks/purpur"
    },
    {
      "predicate":{
        "custom_model_data":1005001
      },
        "model":"block/chiseled_stone_bricks/dark"
    },
    {
      "predicate":{
        "custom_model_data":1005002
      },
        "model":"block/chiseled_stone_bricks/deepslate"
    },
    {
      "predicate":{
        "custom_model_data":1005003
      },
        "model":"block/chiseled_stone_bricks/sandstone"
    },
    {
      "predicate":{
        "custom_model_data":1005004
      },
        "model":"block/chiseled_stone_bricks/red_sandstone"
    },
    {
      "predicate":{
        "custom_model_data":1005005
      },
        "model":"block/chiseled_stone_bricks/stone"
    },
    {
      "predicate":{
        "custom_model_data":1005006
      },
        "model":"block/chiseled_stone_bricks/prismarine"
    },
    {
      "predicate":{
        "custom_model_data":1005007
      },
        "model":"block/chiseled_stone_bricks/quartz"
    },
    {
      "predicate":{
        "custom_model_data":1005008
      },
        "model":"block/chiseled_stone_bricks/nether"
    },
    {
      "predicate":{
        "custom_model_data":1005009
      },
        "model":"block/chiseled_stone_bricks/red_nether"
    },
    {
      "predicate":{
        "custom_model_data":1005010
      },
        "model":"block/chiseled_stone_bricks/end"
    },
    {
      "predicate":{
        "custom_model_data":1005011
      },
        "model":"block/chiseled_stone_bricks/mud"
    },
    {
      "predicate":{
        "custom_model_data":1005012
      },
        "model":"block/chiseled_stone_bricks/diorite"
    },
    {
      "predicate":{
        "custom_model_data":1005013
      },
        "model":"block/chiseled_stone_bricks/granite"
    },
    {
      "predicate":{
        "custom_model_data":1005014
      },
        "model":"block/chiseled_stone_bricks/andesite"
    },
    {
      "predicate":{
        "custom_model_data":1006000
      },
        "model":"block/quartz_pillar/purpur"
    },
    {
      "predicate":{
        "custom_model_data":1006001
      },
        "model":"block/quartz_pillar/dark"
    },
    {
      "predicate":{
        "custom_model_data":1006002
      },
        "model":"block/quartz_pillar/deepslate"
    },
    {
      "predicate":{
        "custom_model_data":1006003
      },
        "model":"block/quartz_pillar/sandstone"
    },
    {
      "predicate":{
        "custom_model_data":1006004
      },
        "model":"block/quartz_pillar/red_sandstone"
    },
    {
      "predicate":{
        "custom_model_data":1006005
      },
        "model":"block/quartz_pillar/stone"
    },
    {
      "predicate":{
        "custom_model_data":1006006
      },
        "model":"block/quartz_pillar/prismarine"
    },
    {
      "predicate":{
        "custom_model_data":1006007
      },
        "model":"block/quartz_pillar/purpur"
    },
    {
      "predicate":{
        "custom_model_data":1006008
      },
        "model":"block/quartz_pillar/nether"
    },
    {
      "predicate":{
        "custom_model_data":1006009
      },
        "model":"block/quartz_pillar/red_nether"
    },
    {
      "predicate":{
        "custom_model_data":1006010
      },
        "model":"block/quartz_pillar/end"
    },
    {
      "predicate":{
        "custom_model_data":1006011
      },
        "model":"block/quartz_pillar/mud"
    },
    {
      "predicate":{
        "custom_model_data":1006012
      },
        "model":"block/quartz_pillar/diorite"
    },
    {
      "predicate":{
        "custom_model_data":1006013
      },
        "model":"block/quartz_pillar/granite"
    },
    {
      "predicate":{
        "custom_model_data":1006014
      },
        "model":"block/quartz_pillar/andesite"
    },
    {
      "predicate":{
        "custom_model_data":1007000
      },
        "model":"block/chiseled_quartz_block/purpur"
    },
    {
      "predicate":{
        "custom_model_data":1007001
      },
        "model":"block/chiseled_quartz_block/dark"
    },
    {
      "predicate":{
        "custom_model_data":1007002
      },
        "model":"block/chiseled_quartz_block/deepslate"
    },
    {
      "predicate":{
        "custom_model_data":1007003
      },
        "model":"block/chiseled_quartz_block/sandstone"
    },
    {
      "predicate":{
        "custom_model_data":1007004
      },
        "model":"block/chiseled_quartz_block/red_sandstone"
    },
    {
      "predicate":{
        "custom_model_data":1007005
      },
        "model":"block/chiseled_quartz_block/stone"
    },
    {
      "predicate":{
        "custom_model_data":1007006
      },
        "model":"block/chiseled_quartz_block/prismarine"
    },
    {
      "predicate":{
        "custom_model_data":1007007
      },
        "model":"block/chiseled_quartz_block/purpur"
    },
    {
      "predicate":{
        "custom_model_data":1007008
      },
        "model":"block/chiseled_quartz_block/nether"
    },
    {
      "predicate":{
        "custom_model_data":1007009
      },
        "model":"block/chiseled_quartz_block/red_nether"
    },
    {
      "predicate":{
        "custom_model_data":1007010
      },
        "model":"block/chiseled_quartz_block/end"
    },
    {
      "predicate":{
        "custom_model_data":1007011
      },
        "model":"block/chiseled_quartz_block/mud"
    },
    {
      "predicate":{
        "custom_model_data":1007012
      },
        "model":"block/chiseled_quartz_block/diorite"
    },
    {
      "predicate":{
        "custom_model_data":1007013
      },
        "model":"block/chiseled_quartz_block/granite"
    },
    {
      "predicate":{
        "custom_model_data":1007014
      },
        "model":"block/chiseled_quartz_block/andesite"
    },
    {
      "predicate":{
        "custom_model_data":1008000
      },
        "model":"block/quartz_bricks/purpur"
    },
    {
      "predicate":{
        "custom_model_data":1008001
      },
        "model":"block/quartz_bricks/dark"
    },
    {
      "predicate":{
        "custom_model_data":1008002
      },
        "model":"block/quartz_bricks/deepslate"
    },
    {
      "predicate":{
        "custom_model_data":1008003
      },
        "model":"block/quartz_bricks/sandstone"
    },
    {
      "predicate":{
        "custom_model_data":1008004
      },
        "model":"block/quartz_bricks/red_sandstone"
    },
    {
      "predicate":{
        "custom_model_data":1008005
      },
        "model":"block/quartz_bricks/stone"
    },
    {
      "predicate":{
        "custom_model_data":1008006
      },
        "model":"block/quartz_bricks/prismarine"
    },
    {
      "predicate":{
        "custom_model_data":1008007
      },
        "model":"block/quartz_bricks/purpur"
    },
    {
      "predicate":{
        "custom_model_data":1008008
      },
        "model":"block/quartz_bricks/nether"
    },
    {
      "predicate":{
        "custom_model_data":1008009
      },
        "model":"block/quartz_bricks/red_nether"
    },
    {
      "predicate":{
        "custom_model_data":1008010
      },
        "model":"block/quartz_bricks/end"
    },
    {
      "predicate":{
        "custom_model_data":1008011
      },
        "model":"block/quartz_bricks/mud"
    },
    {
      "predicate":{
        "custom_model_data":1008012
      },
        "model":"block/quartz_bricks/diorite"
    },
    {
      "predicate":{
        "custom_model_data":1008013
      },
        "model":"block/quartz_bricks/granite"
    },
    {
      "predicate":{
        "custom_model_data":1008014
      },
        "model":"block/quartz_bricks/andesite"
    },
    {
      "predicate":{
        "custom_model_data":1009000
      },
        "model":"block/cut_sandstone/purpur"
    },
    {
      "predicate":{
        "custom_model_data":1009001
      },
        "model":"block/cut_sandstone/dark"
    },
    {
      "predicate":{
        "custom_model_data":1009002
      },
        "model":"block/cut_sandstone/deepslate"
    },
    {
      "predicate":{
        "custom_model_data":1009003
      },
        "model":"block/cut_sandstone/sandstone"
    },
    {
      "predicate":{
        "custom_model_data":1009004
      },
        "model":"block/cut_sandstone/red_sandstone"
    },
    {
      "predicate":{
        "custom_model_data":1009005
      },
        "model":"block/cut_sandstone/stone"
    },
    {
      "predicate":{
        "custom_model_data":1009006
      },
        "model":"block/cut_sandstone/prismarine"
    },
    {
      "predicate":{
        "custom_model_data":1009007
      },
        "model":"block/cut_sandstone/quartz"
    },
    {
      "predicate":{
        "custom_model_data":1009008
      },
        "model":"block/cut_sandstone/nether"
    },
    {
      "predicate":{
        "custom_model_data":1009009
      },
        "model":"block/cut_sandstone/red_nether"
    },
    {
      "predicate":{
        "custom_model_data":1009010
      },
        "model":"block/cut_sandstone/end"
    },
    {
      "predicate":{
        "custom_model_data":1009011
      },
        "model":"block/cut_sandstone/mud"
    },
    {
      "predicate":{
        "custom_model_data":1009012
      },
        "model":"block/cut_sandstone/diorite"
    },
    {
      "predicate":{
        "custom_model_data":1009013
      },
        "model":"block/cut_sandstone/granite"
    },
    {
      "predicate":{
        "custom_model_data":1009014
      },
        "model":"block/cut_sandstone/andesite"
    },
    {
      "predicate":{
        "custom_model_data":1010000
      },
        "model":"block/chiseled_sandstone/purpur"
    },
    {
      "predicate":{
        "custom_model_data":1010001
      },
        "model":"block/chiseled_sandstone/dark"
    },
    {
      "predicate":{
        "custom_model_data":1010002
      },
        "model":"block/chiseled_sandstone/deepslate"
    },
    {
      "predicate":{
        "custom_model_data":1010003
      },
        "model":"block/chiseled_sandstone/sandstone"
    },
    {
      "predicate":{
        "custom_model_data":1010004
      },
        "model":"block/chiseled_sandstone/red_sandstone"
    },
    {
      "predicate":{
        "custom_model_data":1010005
      },
        "model":"block/chiseled_sandstone/stone"
    },
    {
      "predicate":{
        "custom_model_data":1010006
      },
        "model":"block/chiseled_sandstone/prismarine"
    },
    {
      "predicate":{
        "custom_model_data":1010007
      },
        "model":"block/chiseled_sandstone/quartz"
    },
    {
      "predicate":{
        "custom_model_data":1010008
      },
        "model":"block/chiseled_sandstone/nether"
    },
    {
      "predicate":{
        "custom_model_data":1010009
      },
        "model":"block/chiseled_sandstone/red_nether"
    },
    {
      "predicate":{
        "custom_model_data":1010010
      },
        "model":"block/chiseled_sandstone/end"
    },
    {
      "predicate":{
        "custom_model_data":1010011
      },
        "model":"block/chiseled_sandstone/mud"
    },
    {
      "predicate":{
        "custom_model_data":1010012
      },
        "model":"block/chiseled_sandstone/diorite"
    },
    {
      "predicate":{
        "custom_model_data":1010013
      },
        "model":"block/chiseled_sandstone/granite"
    },
    {
      "predicate":{
        "custom_model_data":1010014
      },
        "model":"block/chiseled_sandstone/andesite"
    },
    {
      "predicate":{
        "custom_model_data":1011000
      },
        "model":"block/chiseled_red_sandstone/purpur"
    },
    {
      "predicate":{
        "custom_model_data":1011001
      },
        "model":"block/chiseled_red_sandstone/dark"
    },
    {
      "predicate":{
        "custom_model_data":1011002
      },
        "model":"block/chiseled_red_sandstone/deepslate"
    },
    {
      "predicate":{
        "custom_model_data":1011003
      },
        "model":"block/chiseled_red_sandstone/sandstone"
    },
    {
      "predicate":{
        "custom_model_data":1011004
      },
        "model":"block/chiseled_red_sandstone/red_sandstone"
    },
    {
      "predicate":{
        "custom_model_data":1011005
      },
        "model":"block/chiseled_red_sandstone/stone"
    },
    {
      "predicate":{
        "custom_model_data":1011006
      },
        "model":"block/chiseled_red_sandstone/prismarine"
    },
    {
      "predicate":{
        "custom_model_data":1011007
      },
        "model":"block/chiseled_red_sandstone/quartz"
    },
    {
      "predicate":{
        "custom_model_data":1011008
      },
        "model":"block/chiseled_red_sandstone/nether"
    },
    {
      "predicate":{
        "custom_model_data":1011009
      },
        "model":"block/chiseled_red_sandstone/red_nether"
    },
    {
      "predicate":{
        "custom_model_data":1011010
      },
        "model":"block/chiseled_red_sandstone/end"
    },
    {
      "predicate":{
        "custom_model_data":1011011
      },
        "model":"block/chiseled_red_sandstone/mud"
    },
    {
      "predicate":{
        "custom_model_data":1011012
      },
        "model":"block/chiseled_red_sandstone/diorite"
    },
    {
      "predicate":{
        "custom_model_data":1011013
      },
        "model":"block/chiseled_red_sandstone/granite"
    },
    {
      "predicate":{
        "custom_model_data":1011014
      },
        "model":"block/chiseled_red_sandstone/andesite"
    }
  ]
}