{
	"credit": "Made with Blockbench",
	"texture_size": [64, 64],
	"textures": {
		"0": "item/fae1",
		"particle": "item/fae1"
	},
	"elements": [
		{
			"name": "head",
			"from": [1.48, 1.62, 1.48],
			"to": [14.44, 17.82, 14.44],
			"rotation": {"angle": 0, "axis": "y", "origin": [-5, 0, -5]},
			"faces": {
				"north": {"uv": [2, 2, 4, 4.5], "texture": "#0"},
				"east": {"uv": [0, 2, 2, 4.5], "texture": "#0"},
				"south": {"uv": [6, 2, 8, 4.5], "texture": "#0"},
				"west": {"uv": [4, 2, 6, 4.5], "texture": "#0"},
				"up": {"uv": [4, 2, 2, 0], "texture": "#0"},
				"down": {"uv": [6, 0, 4, 2], "texture": "#0"}
			}
		},
		{
			"name": "nose",
			"from": [6.34, 0, -1.76],
			"to": [9.64, 6.48, 1.48],
			"rotation": {"angle": 0, "axis": "y", "origin": [-5, 0, -5]},
			"faces": {
				"north": {"uv": [6.5, 0.5, 7, 1.5], "texture": "#0"},
				"east": {"uv": [6, 0.5, 6.5, 1.5], "texture": "#0"},
				"south": {"uv": [7.5, 0.5, 8, 1.5], "texture": "#0"},
				"west": {"uv": [7, 0.5, 7.5, 1.5], "texture": "#0"},
				"up": {"uv": [7, 0.5, 6.5, 0], "texture": "#0"},
				"down": {"uv": [7.5, 0, 7, 0.5], "texture": "#0"}
			}
		},
		{
			"name": "ear1",
			"from": [-7.62, 3.24, 4.72],
			"to": [0.48, 6.48, 6.34],
			"rotation": {"angle": -22.5, "axis": "z", "origin": [7.96, 0, -5]},
			"faces": {
				"north": {"uv": [0, 0, 1.25, 0.5], "texture": "#0"},
				"east": {"uv": [0, 0, 0.25, 0.5], "texture": "#0"},
				"south": {"uv": [0, 0, 1.25, 0.5], "texture": "#0"},
				"west": {"uv": [0, 0, 0.25, 0.5], "texture": "#0"},
				"up": {"uv": [0, 0, 1.25, 0.25], "texture": "#0"},
				"down": {"uv": [0, 0, 1.25, 0.25], "texture": "#0"}
			}
		},
		{
			"name": "ear2",
			"from": [15.44, 3.24, 4.72],
			"to": [23.54, 6.48, 6.34],
			"rotation": {"angle": 22.5, "axis": "z", "origin": [7.96, 0, -5]},
			"faces": {
				"north": {"uv": [0, 0, 1.25, 0.5], "texture": "#0"},
				"east": {"uv": [0, 0, 0.25, 0.5], "texture": "#0"},
				"south": {"uv": [0, 0, 1.25, 0.5], "texture": "#0"},
				"west": {"uv": [0, 0, 0.25, 0.5], "texture": "#0"},
				"up": {"uv": [0, 0, 1.25, 0.25], "texture": "#0"},
				"down": {"uv": [0, 0, 1.25, 0.25], "texture": "#0"}
			}
		}
	],
	"display": {},
	"groups": [
		{
			"name": "body",
			"origin": [0, 0, 0],
			"color": 0,
			"children": [
				{
					"name": "head",
					"origin": [0, 24, 0],
					"color": 0,
					"children": [
						0,
						{
							"name": "nose",
							"origin": [0, 26, 0],
							"color": 0,
							"children": [1]
						},
						2,
						3
					]
				}
			]
		}
	]
}