{
    "sources": [
        {
            "type": "paletted_permutations",
            "textures": [
                "block/prismarine_bricks"
            ],
            "palette_key": "color_palettes/prismarine_8",
            "permutations": {
                "purpur": "color_palettes/purpur_8",
                "dark": "color_palettes/dark_prismarine_8",
                "deepslate": "color_palettes/deepslate_bricks_8",
                "sandstone": "color_palettes/cut_sandstone_8",
                "red_sandstone": "color_palettes/cut_red_sandstone_8",
                "stone": "color_palettes/stone_bricks_8",
                "quartz": "color_palettes/quartz_bricks_8",
                "nether": "color_palettes/nether_bricks_8",
                "red_nether": "color_palettes/red_nether_bricks_8",
                "end": "color_palettes/end_stone_bricks_8",
                "mud": "color_palettes/mud_bricks_8",
                "diorite": "color_palettes/polished_diorite_8",
                "granite": "color_palettes/polished_granite_8",
                "andesite": "color_palettes/polished_andesite_8"
            }
        },
        {
            "type": "paletted_permutations",
            "textures": [
                "block/stone_bricks"
            ],
            "palette_key": "color_palettes/stone_bricks_8",
            "permutations": {
                "purpur": "color_palettes/purpur_8",
                "dark": "color_palettes/dark_prismarine_8",
                "deepslate": "color_palettes/deepslate_bricks_8",
                "sandstone": "color_palettes/cut_sandstone_8",
                "red_sandstone": "color_palettes/cut_red_sandstone_8",
                "prismarine": "color_palettes/prismarine_8",
                "quartz": "color_palettes/quartz_bricks_8",
                "nether": "color_palettes/nether_bricks_8",
                "red_nether": "color_palettes/red_nether_bricks_8",
                "end": "color_palettes/end_stone_bricks_8",
                "mud": "color_palettes/mud_bricks_8",
                "diorite": "color_palettes/polished_diorite_8",
                "granite": "color_palettes/polished_granite_8",
                "andesite": "color_palettes/polished_andesite_8"
            }
        },
        {
            "type": "paletted_permutations",
            "textures": [
                "block/purpur_block"
            ],
            "palette_key": "color_palettes/purpur_8",
            "permutations": {
                "dark": "color_palettes/dark_prismarine_8",
                "deepslate": "color_palettes/deepslate_bricks_8",
                "sandstone": "color_palettes/cut_sandstone_8",
                "red_sandstone": "color_palettes/cut_red_sandstone_8",
                "stone": "color_palettes/stone_bricks_8",
                "prismarine": "color_palettes/prismarine_8",
                "quartz": "color_palettes/quartz_bricks_8",
                "nether": "color_palettes/nether_bricks_8",
                "red_nether": "color_palettes/red_nether_bricks_8",
                "end": "color_palettes/end_stone_bricks_8",
                "mud": "color_palettes/mud_bricks_8",
                "diorite": "color_palettes/polished_diorite_8",
                "granite": "color_palettes/polished_granite_8",
                "andesite": "color_palettes/polished_andesite_8"
            }
        },
        {
            "type": "paletted_permutations",
            "textures": [
                "block/purpur_pillar"
            ],
            "palette_key": "color_palettes/purpur_8",
            "permutations": {
                "dark": "color_palettes/dark_prismarine_8",
                "deepslate": "color_palettes/deepslate_bricks_8",
                "sandstone": "color_palettes/cut_sandstone_8",
                "red_sandstone": "color_palettes/cut_red_sandstone_8",
                "stone": "color_palettes/stone_bricks_8",
                "prismarine": "color_palettes/prismarine_8",
                "quartz": "color_palettes/quartz_bricks_8",
                "nether": "color_palettes/nether_bricks_8",
                "red_nether": "color_palettes/red_nether_bricks_8",
                "end": "color_palettes/end_stone_bricks_8",
                "mud": "color_palettes/mud_bricks_8",
                "diorite": "color_palettes/polished_diorite_8",
                "granite": "color_palettes/polished_granite_8",
                "andesite": "color_palettes/polished_andesite_8"
            }
        },
        {
            "type": "paletted_permutations",
            "textures": [
                "block/purpur_pillar_top"
            ],
            "palette_key": "color_palettes/purpur_8",
            "permutations": {
                "dark": "color_palettes/dark_prismarine_8",
                "deepslate": "color_palettes/deepslate_bricks_8",
                "sandstone": "color_palettes/cut_sandstone_8",
                "red_sandstone": "color_palettes/cut_red_sandstone_8",
                "stone": "color_palettes/stone_bricks_8",
                "prismarine": "color_palettes/prismarine_8",
                "quartz": "color_palettes/quartz_bricks_8",
                "nether": "color_palettes/nether_bricks_8",
                "red_nether": "color_palettes/red_nether_bricks_8",
                "end": "color_palettes/end_stone_bricks_8",
                "mud": "color_palettes/mud_bricks_8",
                "diorite": "color_palettes/polished_diorite_8",
                "granite": "color_palettes/polished_granite_8",
                "andesite": "color_palettes/polished_andesite_8"
            }
        },
        {
            "type": "paletted_permutations",
            "textures": [
                "block/dark_prismarine"
            ],
            "palette_key": "color_palettes/dark_prismarine_8",
            "permutations": {
                "purpur": "color_palettes/purpur_8",
                "deepslate": "color_palettes/deepslate_bricks_8",
                "sandstone": "color_palettes/cut_sandstone_8",
                "red_sandstone": "color_palettes/cut_red_sandstone_8",
                "stone": "color_palettes/stone_bricks_8",
                "prismarine": "color_palettes/prismarine_8",
                "quartz": "color_palettes/quartz_bricks_8",
                "nether": "color_palettes/nether_bricks_8",
                "red_nether": "color_palettes/red_nether_bricks_8",
                "end": "color_palettes/end_stone_bricks_8",
                "mud": "color_palettes/mud_bricks_8",
                "diorite": "color_palettes/polished_diorite_8",
                "granite": "color_palettes/polished_granite_8",
                "andesite": "color_palettes/polished_andesite_8"
            }
        },
        {
            "type": "paletted_permutations",
            "textures": [
                "block/chiseled_stone_bricks"
            ],
            "palette_key": "color_palettes/stone_bricks_8",
            "permutations": {
                "dark": "color_palettes/dark_prismarine_8",
                "purpur": "color_palettes/purpur_8",
                "deepslate": "color_palettes/deepslate_bricks_8",
                "sandstone": "color_palettes/cut_sandstone_8",
                "red_sandstone": "color_palettes/cut_red_sandstone_8",
                "prismarine": "color_palettes/prismarine_8",
                "quartz": "color_palettes/quartz_bricks_8",
                "nether": "color_palettes/nether_bricks_8",
                "red_nether": "color_palettes/red_nether_bricks_8",
                "end": "color_palettes/end_stone_bricks_8",
                "mud": "color_palettes/mud_bricks_8",
                "diorite": "color_palettes/polished_diorite_8",
                "granite": "color_palettes/polished_granite_8",
                "andesite": "color_palettes/polished_andesite_8"
            }
        },
        {
            "type": "paletted_permutations",
            "textures": [
                "block/quartz_pillar"
            ],
            "palette_key": "color_palettes/quartz_bricks_8",
            "permutations": {
                "dark": "color_palettes/dark_prismarine_8",
                "purpur": "color_palettes/purpur_8",
                "deepslate": "color_palettes/deepslate_bricks_8",
                "sandstone": "color_palettes/cut_sandstone_8",
                "red_sandstone": "color_palettes/cut_red_sandstone_8",
                "stone": "color_palettes/stone_bricks_8",
                "prismarine": "color_palettes/prismarine_8",
                "nether": "color_palettes/nether_bricks_8",
                "red_nether": "color_palettes/red_nether_bricks_8",
                "end": "color_palettes/end_stone_bricks_8",
                "mud": "color_palettes/mud_bricks_8",
                "diorite": "color_palettes/polished_diorite_8",
                "granite": "color_palettes/polished_granite_8",
                "andesite": "color_palettes/polished_andesite_8"
            }
        },
        {
            "type": "paletted_permutations",
            "textures": [
                "block/quartz_pillar_top"
            ],
            "palette_key": "color_palettes/quartz_bricks_8",
            "permutations": {
                "dark": "color_palettes/dark_prismarine_8",
                "purpur": "color_palettes/purpur_8",
                "deepslate": "color_palettes/deepslate_bricks_8",
                "sandstone": "color_palettes/cut_sandstone_8",
                "red_sandstone": "color_palettes/cut_red_sandstone_8",
                "stone": "color_palettes/stone_bricks_8",
                "prismarine": "color_palettes/prismarine_8",
                "nether": "color_palettes/nether_bricks_8",
                "red_nether": "color_palettes/red_nether_bricks_8",
                "end": "color_palettes/end_stone_bricks_8",
                "mud": "color_palettes/mud_bricks_8",
                "diorite": "color_palettes/polished_diorite_8",
                "granite": "color_palettes/polished_granite_8",
                "andesite": "color_palettes/polished_andesite_8"
            }
        },
        {
            "type": "paletted_permutations",
            "textures": [
                "block/chiseled_quartz_block"
            ],
            "palette_key": "color_palettes/quartz_bricks_8",
            "permutations": {
                "dark": "color_palettes/dark_prismarine_8",
                "purpur": "color_palettes/purpur_8",
                "deepslate": "color_palettes/deepslate_bricks_8",
                "sandstone": "color_palettes/cut_sandstone_8",
                "red_sandstone": "color_palettes/cut_red_sandstone_8",
                "stone": "color_palettes/stone_bricks_8",
                "prismarine": "color_palettes/prismarine_8",
                "nether": "color_palettes/nether_bricks_8",
                "red_nether": "color_palettes/red_nether_bricks_8",
                "end": "color_palettes/end_stone_bricks_8",
                "mud": "color_palettes/mud_bricks_8",
                "diorite": "color_palettes/polished_diorite_8",
                "granite": "color_palettes/polished_granite_8",
                "andesite": "color_palettes/polished_andesite_8"
            }
        },
        {
            "type": "paletted_permutations",
            "textures": [
                "block/chiseled_quartz_block_top"
            ],
            "palette_key": "color_palettes/quartz_bricks_8",
            "permutations": {
                "dark": "color_palettes/dark_prismarine_8",
                "purpur": "color_palettes/purpur_8",
                "deepslate": "color_palettes/deepslate_bricks_8",
                "sandstone": "color_palettes/cut_sandstone_8",
                "red_sandstone": "color_palettes/cut_red_sandstone_8",
                "stone": "color_palettes/stone_bricks_8",
                "prismarine": "color_palettes/prismarine_8",
                "nether": "color_palettes/nether_bricks_8",
                "red_nether": "color_palettes/red_nether_bricks_8",
                "end": "color_palettes/end_stone_bricks_8",
                "mud": "color_palettes/mud_bricks_8",
                "diorite": "color_palettes/polished_diorite_8",
                "granite": "color_palettes/polished_granite_8",
                "andesite": "color_palettes/polished_andesite_8"
            }
        },
        {
            "type": "paletted_permutations",
            "textures": [
                "block/quartz_bricks"
            ],
            "palette_key": "color_palettes/quartz_bricks_8",
            "permutations": {
                "dark": "color_palettes/dark_prismarine_8",
                "purpur": "color_palettes/purpur_8",
                "deepslate": "color_palettes/deepslate_bricks_8",
                "sandstone": "color_palettes/cut_sandstone_8",
                "red_sandstone": "color_palettes/cut_red_sandstone_8",
                "stone": "color_palettes/stone_bricks_8",
                "prismarine": "color_palettes/prismarine_8",
                "nether": "color_palettes/nether_bricks_8",
                "red_nether": "color_palettes/red_nether_bricks_8",
                "end": "color_palettes/end_stone_bricks_8",
                "mud": "color_palettes/mud_bricks_8",
                "diorite": "color_palettes/polished_diorite_8",
                "granite": "color_palettes/polished_granite_8",
                "andesite": "color_palettes/polished_andesite_8"
            }
        },
        {
            "type": "paletted_permutations",
            "textures": [
                "block/cut_sandstone"
            ],
            "palette_key": "color_palettes/cut_sandstone_8",
            "permutations": {
                "dark": "color_palettes/dark_prismarine_8",
                "purpur": "color_palettes/purpur_8",
                "deepslate": "color_palettes/deepslate_bricks_8",
                "sandstone": "color_palettes/cut_sandstone_8",
                "red_sandstone": "color_palettes/cut_red_sandstone_8",
                "stone": "color_palettes/stone_bricks_8",
                "prismarine": "color_palettes/prismarine_8",
                "quartz": "color_palettes/quartz_bricks_8",
                "nether": "color_palettes/nether_bricks_8",
                "red_nether": "color_palettes/red_nether_bricks_8",
                "end": "color_palettes/end_stone_bricks_8",
                "mud": "color_palettes/mud_bricks_8",
                "diorite": "color_palettes/polished_diorite_8",
                "granite": "color_palettes/polished_granite_8",
                "andesite": "color_palettes/polished_andesite_8"
            }
        },
        {
            "type": "paletted_permutations",
            "textures": [
                "block/chiseled_sandstone"
            ],
            "palette_key": "color_palettes/cut_sandstone_8",
            "permutations": {
                "dark": "color_palettes/dark_prismarine_8",
                "purpur": "color_palettes/purpur_8",
                "deepslate": "color_palettes/deepslate_bricks_8",
                "sandstone": "color_palettes/cut_sandstone_8",
                "red_sandstone": "color_palettes/cut_red_sandstone_8",
                "stone": "color_palettes/stone_bricks_8",
                "prismarine": "color_palettes/prismarine_8",
                "quartz": "color_palettes/quartz_bricks_8",
                "nether": "color_palettes/nether_bricks_8",
                "red_nether": "color_palettes/red_nether_bricks_8",
                "end": "color_palettes/end_stone_bricks_8",
                "mud": "color_palettes/mud_bricks_8",
                "diorite": "color_palettes/polished_diorite_8",
                "granite": "color_palettes/polished_granite_8",
                "andesite": "color_palettes/polished_andesite_8"
            }
        },
        {
            "type": "paletted_permutations",
            "textures": [
                "block/chiseled_red_sandstone"
            ],
            "palette_key": "color_palettes/cut_red_sandstone_8",
            "permutations": {
                "dark": "color_palettes/dark_prismarine_8",
                "purpur": "color_palettes/purpur_8",
                "deepslate": "color_palettes/deepslate_bricks_8",
                "sandstone": "color_palettes/cut_sandstone_8",
                "red_sandstone": "color_palettes/cut_red_sandstone_8",
                "stone": "color_palettes/stone_bricks_8",
                "prismarine": "color_palettes/prismarine_8",
                "quartz": "color_palettes/quartz_bricks_8",
                "nether": "color_palettes/nether_bricks_8",
                "red_nether": "color_palettes/red_nether_bricks_8",
                "end": "color_palettes/end_stone_bricks_8",
                "mud": "color_palettes/mud_bricks_8",
                "diorite": "color_palettes/polished_diorite_8",
                "granite": "color_palettes/polished_granite_8",
                "andesite": "color_palettes/polished_andesite_8"
            }
        },
        {
            "type": "paletted_permutations",
            "textures": [
                "block/sandstone_top"
            ],
            "palette_key": "color_palettes/sandstone_top_8",
            "permutations": {
                "dark": "color_palettes/dark_prismarine_8",
                "purpur": "color_palettes/purpur_8",
                "deepslate": "color_palettes/deepslate_bricks_8",
                "sandstone": "color_palettes/cut_sandstone_8",
                "red_sandstone": "color_palettes/cut_red_sandstone_8",
                "stone": "color_palettes/stone_bricks_8",
                "prismarine": "color_palettes/prismarine_8",
                "quartz": "color_palettes/quartz_bricks_8",
                "nether": "color_palettes/nether_bricks_8",
                "red_nether": "color_palettes/red_nether_bricks_8",
                "end": "color_palettes/end_stone_bricks_8",
                "mud": "color_palettes/mud_bricks_8",
                "diorite": "color_palettes/polished_diorite_8",
                "granite": "color_palettes/polished_granite_8",
                "andesite": "color_palettes/polished_andesite_8"
            }
        },
        {
            "type": "paletted_permutations",
            "textures": [
                "block/polished_andesite"
            ],
            "palette_key": "color_palettes/polished_andesite_9",
            "permutations": {
                "8": "color_palettes/polished_andesite_9_8"
            }
        },
        {
            "type": "paletted_permutations",
            "textures": [
                "block/polished_granite"
            ],
            "palette_key": "color_palettes/polished_granite_9",
            "permutations": {
                "8": "color_palettes/polished_granite_9_8"
            }
        }
    ]
}
