{
	"providers":[
		{
			"type": "bitmap",
			"file": "siscu_se:font/recipes/crafting.png",
			"ascent": 6,
			"height": 68,
			"chars": [
				"\u0041"
			]
		},
		{
			"type": "bitmap",
			"file": "siscu_se:font/recipes/inventory.png",
			"ascent": 6,
			"height": 50,
			"chars": [
				"\u0042"
			]
		},
		{
			"type": "bitmap",
			"file": "siscu_se:font/recipes/smelting.png",
			"ascent": 6,
			"height": 50,
			"chars": [
				"\u0043"
			]
		},
		{
			"type": "bitmap",
			"file": "siscu_se:font/recipes/blasting.png",
			"ascent": 6,
			"height": 50,
			"chars": [
				"\u0044"
			]
		},
		{
			"type": "bitmap",
			"file": "siscu_se:font/recipes/smithing.png",
			"ascent": 8,
			"height": 32,
			"chars": [
				"\u0045"
			]
		},
		{
			"type": "bitmap",
			"file": "siscu_se:font/recipes/stonecutting.png",
			"ascent": 8,
			"height": 32,
			"chars": [
				"\u0046"
			]
		},
		{
			"type": "bitmap",
			"file": "siscu_se:font/recipes/brewing.png",
			"ascent": 6,
			"height": 50,
			"chars": [
				"\u0047"
			]
		},
		{
			"type": "bitmap",
			"file": "siscu_se:font/recipes/crafting_battle_staff.png",
			"ascent": 6,
			"height": 68,
			"chars": [
				"\uE000"
			]
		},
		{
			"type": "bitmap",
			"file": "siscu_se:font/recipes/crafting_battle_staff_bamboo.png",
			"ascent": 6,
			"height": 68,
			"chars": [
				"\uE001"
			]
		},
		{
			"type": "bitmap",
			"file": "siscu_se:font/recipes/crafting_copper_axe.png",
			"ascent": 6,
			"height": 68,
			"chars": [
				"\uE002"
			]
		},
		{
			"type": "bitmap",
			"file": "siscu_se:font/recipes/crafting_copper_hoe.png",
			"ascent": 6,
			"height": 68,
			"chars": [
				"\uE003"
			]
		},
		{
			"type": "bitmap",
			"file": "siscu_se:font/recipes/crafting_copper_pickaxe.png",
			"ascent": 6,
			"height": 68,
			"chars": [
				"\uE004"
			]
		},
		{
			"type": "bitmap",
			"file": "siscu_se:font/recipes/crafting_copper_shovel.png",
			"ascent": 6,
			"height": 68,
			"chars": [
				"\uE005"
			]
		},
		{
			"type": "bitmap",
			"file": "siscu_se:font/recipes/crafting_copper_sword.png",
			"ascent": 6,
			"height": 68,
			"chars": [
				"\uE006"
			]
		},
		{
			"type": "bitmap",
			"file": "siscu_se:font/recipes/crafting_piglin_brute_shield.png",
			"ascent": 6,
			"height": 68,
			"chars": [
				"\uE007"
			]
		},
		{
			"type": "bitmap",
			"file": "siscu_se:font/recipes/crafting_enchanting_table.png",
			"ascent": 6,
			"height": 68,
			"chars": [
				"\uE008"
			]
		},
		{
			"type": "bitmap",
			"file": "siscu_se:font/recipes/crafting_shutters.png",
			"ascent": 6,
			"height": 68,
			"chars": [
				"\uE009"
			]
		},
		{
			"type": "bitmap",
			"file": "siscu_se:font/recipes/crafting_bee_counter.png",
			"ascent": 6,
			"height": 68,
			"chars": [
				"\uE00A"
			]
		},
		{
			"type": "bitmap",
			"file": "siscu_se:font/recipes/crafting_copper_helmet.png",
			"ascent": 6,
			"height": 68,
			"chars": [
				"\uE00B"
			]
		},
		{
			"type": "bitmap",
			"file": "siscu_se:font/recipes/crafting_copper_chestplate.png",
			"ascent": 6,
			"height": 68,
			"chars": [
				"\uE00C"
			]
		},
		{
			"type": "bitmap",
			"file": "siscu_se:font/recipes/crafting_copper_leggings.png",
			"ascent": 6,
			"height": 68,
			"chars": [
				"\uE00D"
			]
		},
		{
			"type": "bitmap",
			"file": "siscu_se:font/recipes/crafting_copper_boots.png",
			"ascent": 6,
			"height": 68,
			"chars": [
				"\uE00E"
			]
		},
		{
			"type": "bitmap",
			"file": "siscu_se:font/recipes/inventory_crimson_stew.png",
			"ascent": 6,
			"height": 50,
			"chars": [
				"\uE100"
			]
		},
		{
			"type": "bitmap",
			"file": "siscu_se:font/recipes/inventory_warped_stew.png",
			"ascent": 6,
			"height": 50,
			"chars": [
				"\uE101"
			]
		},
		{
			"type": "bitmap",
			"file": "siscu_se:font/recipes/inventory_warped_wart.png",
			"ascent": 6,
			"height": 50,
			"chars": [
				"\uE102"
			]
		},
		{
			"type": "bitmap",
			"file": "siscu_se:font/recipes/inventory_warped_wart_stew.png",
			"ascent": 6,
			"height": 50,
			"chars": [
				"\uE103"
			]
		},
		{
			"type": "bitmap",
			"file": "siscu_se:font/recipes/smelting_red_sand.png",
			"ascent": 6,
			"height": 50,
			"chars": [
				"\uE200"
			]
		},
		{
			"type": "bitmap",
			"file": "siscu_se:font/recipes/smelting_soul_sand.png",
			"ascent": 6,
			"height": 50,
			"chars": [
				"\uE201"
			]
		},
		{
			"type": "bitmap",
			"file": "siscu_se:font/recipes/smelting_raw_iron_block.png",
			"ascent": 6,
			"height": 50,
			"chars": [
				"\uE202"
			]
		},
		{
			"type": "bitmap",
			"file": "siscu_se:font/recipes/smelting_raw_copper_block.png",
			"ascent": 6,
			"height": 50,
			"chars": [
				"\uE203"
			]
		},
		{
			"type": "bitmap",
			"file": "siscu_se:font/recipes/smelting_raw_gold_block.png",
			"ascent": 6,
			"height": 50,
			"chars": [
				"\uE204"
			]
		},
		{
			"type": "bitmap",
			"file": "siscu_se:font/recipes/blasting_sand.png",
			"ascent": 6,
			"height": 50,
			"chars": [
				"\uE300"
			]
		},
		{
			"type": "bitmap",
			"file": "siscu_se:font/recipes/smithing_trident.png",
			"ascent": 6,
			"height": 32,
			"chars": [
				"\uE400"
			]
		},
		{
			"type": "bitmap",
			"file": "siscu_se:font/recipes/smithing_netherite_horse_armor.png",
			"ascent": 6,
			"height": 32,
			"chars": [
				"\uE401"
			]
		},
		{
			"type": "bitmap",
			"file": "siscu_se:font/recipes/smithing_enchanted_saddle.png",
			"ascent": 6,
			"height": 32,
			"chars": [
				"\uE402"
			]
		},
		{
			"type": "bitmap",
			"file": "siscu_se:font/recipes/smithing_wax_horse_armor.png",
			"ascent": 6,
			"height": 32,
			"chars": [
				"\uE403"
			]
		},
		{
			"type": "bitmap",
			"file": "siscu_se:font/recipes/smithing_enchanted_golden_apple.png",
			"ascent": 6,
			"height": 32,
			"chars": [
				"\uE404"
			]
		},
		{
			"type": "bitmap",
			"file": "siscu_se:font/recipes/smoking_cod.png",
			"ascent": 6,
			"height": 68,
			"chars": [
				"\uE500"
			]
		},
		{
			"type": "bitmap",
			"file": "siscu_se:font/recipes/smoking_salmon.png",
			"ascent": 6,
			"height": 68,
			"chars": [
				"\uE501"
			]
		},
		{
			"type": "bitmap",
			"file": "siscu_se:font/recipes/stonecutting_scaffolding.png",
			"ascent": 6,
			"height": 32,
			"chars": [
				"\uE600"
			]
		},
		{
			"type": "bitmap",
			"file": "siscu_se:font/recipes/stonecutting_melon.png",
			"ascent": 6,
			"height": 32,
			"chars": [
				"\uE601"
			]
		},
		{
			"type": "bitmap",
			"file": "siscu_se:font/recipes/stonecutting_leather_horse_armor.png",
			"ascent": 6,
			"height": 32,
			"chars": [
				"\uE602"
			]
		},
		{
			"type": "bitmap",
			"file": "siscu_se:font/recipes/stonecutting_note_block.png",
			"ascent": 6,
			"height": 32,
			"chars": [
				"\uE604"
			]
		},
		{
			"type": "bitmap",
			"file": "siscu_se:font/recipes/stonecutting_jukebox.png",
			"ascent": 6,
			"height": 32,
			"chars": [
				"\uE605"
			]
		},
		{
			"type": "bitmap",
			"file": "siscu_se:font/recipes/stonecutting_note_block.png",
			"ascent": 6,
			"height": 32,
			"chars": [
				"\uE606"
			]
		},
		{
			"type": "bitmap",
			"file": "siscu_se:font/recipes/stonecutting_brewing_stand.png",
			"ascent": 6,
			"height": 32,
			"chars": [
				"\uE607"
			]
		},
		{
			"type": "bitmap",
			"file": "siscu_se:font/recipes/brewing_frog.png",
			"ascent": 6,
			"height": 50,
			"chars": [
				"\uE700"
			]
		},
		{
			"type": "bitmap",
			"file": "siscu_se:font/recipes/brewing_pufferfish.png",
			"ascent": 6,
			"height": 50,
			"chars": [
				"\uE701"
			]
		},
		{
			"type": "bitmap",
			"file": "siscu_se:font/recipes/campfire_torch.png",
			"ascent": 6,
			"height": 68,
			"chars": [
				"\uE801"
			]
		},
		{
			"type": "bitmap",
			"file": "siscu_se:font/recipes/campfire_charcoal.png",
			"ascent": 6,
			"height": 68,
			"chars": [
				"\uE802"
			]
		}
	]
}